id,job_id,title,work_type,salary,hours_per_week,date_updated,skills,min_salary,max_salary,average_salary,usd_salary,currency,salary_type
30058,1518416,Social Media & Digital Marketing Manager 1518416 - OnlineJobs.ph,Full Time,$600,5,"Nov 21, 2025",Social Media Management;Ads Management;Shopify,600.0,600.0,600.0,600.0,USD,monthly
21892,1506999,Paid Ads Manager 1506999 - OnlineJobs.ph,Any,30_59$/hour,35,"Nov 5, 2025",Facebook Ads;Campaign Building,,,,,USD,unknown
35614,1533072,Email Marketing & Lead Nurture Virtual Assistant 1533072 - OnlineJobs.ph,Full Time,$100,20,"Dec 12, 2025",Email Marketing;GoHighLevel;Email Copywriting,100.0,100.0,100.0,100.0,USD,weekly
49768,1553174,Technical Operations Lead (AppSheet & Gemini AI Architect) 1553174 - OnlineJobs.ph,Full Time,"$1,600",40,"Jan 13, 2026",APPSHEET;Apps Script;API Integration,1600.0,1600.0,1600.0,1600.0,USD,monthly
16205,1499127,HIRING: Faceless YouTube Long-Form Documentary Editor (AI-Driven) 1499127 - OnlineJobs.ph,Part Time,$5 per hour,20,"Oct 25, 2025",Video Content Creation;Video Editing;Youtube Marketing,5.0,5.0,5.0,5.0,USD,hourly
15815,1498707,Hiring Manager (Remote) 1498707 - OnlineJobs.ph,Full Time,$850/mo,40,"Oct 24, 2025",Shopify;Recruiting,850.0,850.0,850.0,850.0,USD,monthly
34046,1524307,"Producer / Project Manager for Web Design Agency (FT, Remote, EST-friendly) 1524307 - OnlineJobs.ph",Full Time,"70,000 Php",40,"Nov 30, 2025",Administrative Management;Project Management;Trello,70000.0,70000.0,70000.0,1212.12,PHP,monthly
33430,1523589,Social Media & Google Ads Specialist 1523589 - OnlineJobs.ph,Part Time,$10 US Dollars per Hour,30,"Nov 28, 2025",Google Tag Manager;Google Ads;Ads Management,10.0,10.0,10.0,10.0,USD,hourly
36330,1534044,REAL ESTATE ACQUISITIONS VA (WORKS WITH LEAD MANAGER) 1534044 - OnlineJobs.ph,Part Time,$4.00 USD per hour,24,"Dec 13, 2025",Outbound Sales;Acquisition;Lead Generation,4.0,4.0,4.0,4.0,USD,hourly
17011,1500217,Female UGC Creator 1500217 - OnlineJobs.ph,Gig,$300,TBD,"Oct 27, 2025",Social Media Content Creation;Video Content Creation;Tiktok Ads,300.0,300.0,300.0,300.0,USD,monthly
32664,1521382,Virtual Assistant - Revenue Cycle & Treatment Coordination (Pediatric/Orthodontic Dental Office) 1521382 - OnlineJobs.ph,Full Time,"$1,200 - $1,440 USD/month",30,"Nov 27, 2025",Dental Insurance;Customer Relationship Management;Dental Billing,1200.0,1440.0,1320.0,1320.0,USD,monthly
30279,1519286,Accounts Payable (VA/WFH/Remote) 1519286 - OnlineJobs.ph,Full Time,"$1,120 USD / month ($7/hr)",40,"Nov 21, 2025",,1120.0,1120.0,1120.0,1120.0,USD,hourly
50556,1554859,Creative Strategist & Video Editor (Business & Entrepreneurship) 1554859 - OnlineJobs.ph,Full Time,$650/month,TBD,"Jan 15, 2026",Creative Writing;Social Media Content Creation;Social Media Video Editing,650.0,650.0,650.0,650.0,USD,monthly
42745,1540911,Google Search Ads 1540911 - OnlineJobs.ph,Part Time,$50/hr,20,"Dec 28, 2025",Google Tag Manager;Google Data Studio;Google Ads,50.0,50.0,50.0,50.0,USD,hourly
3594,1471150,ATTORNEY Lien Negotiator - Personal Injury Law Firm 1471150 - OnlineJobs.ph,Full Time,Starting at $6.00/hour,40,"Oct 2, 2025",,6.0,6.0,6.0,6.0,USD,hourly
12386,1491995,Senior Online Citations Specialist 1491995 - OnlineJobs.ph,Full Time,"$800–$1,000",40,"Oct 18, 2025",,800.0,1000.0,900.0,900.0,USD,monthly
41371,1540178,PROFESSIONAL PHOTO EDITOR 1540178 - OnlineJobs.ph,Any,$150,20,"Dec 23, 2025",Photoshop;Lightroom;Photo Retouching,150.0,150.0,150.0,150.0,USD,weekly
40910,1539794,"Short-Term Rental Operations Manager (Full-Time, Long-Term Role) 1539794 - OnlineJobs.ph",Full Time,$4–$7 USD/hr,40,"Dec 22, 2025",Property Management;Short Term Rentals;Customer Support,4.0,7.0,5.5,5.5,USD,hourly
12522,1493951,SEO Strategist 1493951 - OnlineJobs.ph,Full Time,"Php 45,000 to 60,000 per month",40,"Oct 18, 2025",Content Creation;SEO;Local SEO,45000.0,60000.0,52500.0,909.09,PHP,monthly
35852,1527740,NOW HIRING: Sales Closer + Appointment Setter (AI Marketing Agency) 1527740 - OnlineJobs.ph,Full Time,$650-850,40,"Dec 12, 2025",Telemarketing;Outbound Sales;Appointment Setting,650.0,850.0,750.0,750.0,USD,monthly
23634,1509626,SQL Database Admin 1509626 - OnlineJobs.ph,Full Time,$1440,40,"Nov 9, 2025",MySQL;SQL Server,1440.0,1440.0,1440.0,1440.0,USD,monthly
27011,1513979,"VA, E-COMMERCE AND INTEGRATION WEBSITE BUILDER, DROP SHIPPING EXPERIENCE 1513979 - OnlineJobs.ph",Any,"Php 20,000",TBD,"Nov 16, 2025",E-Commerce Management;Virtual Assistant;API Integration,20000.0,20000.0,20000.0,346.32,PHP,monthly
53907,1559575,Shopify Webshop Manager 1559575 - OnlineJobs.ph,Part Time,$5- $10/h,4,"Jan 20, 2026",Shopify;Klaviyo,5.0,10.0,7.5,7.5,USD,hourly
57417,1564651,Figma Designer 1564651 - OnlineJobs.ph,Any,$3-$10/hr,TBD,"Jan 27, 2026",Figma,3.0,10.0,6.5,6.5,USD,hourly
24269,1510427,"Sales Representative for Office Space Rental & Coworking Spaces (Inbound, North America EST Working Hours) 1510427 - OnlineJobs.ph",Full Time,"$1,000 USD",40,"Nov 10, 2025",Inbound Sales;Sales Support;English Speaking,1000.0,1000.0,1000.0,1000.0,USD,monthly
46909,1547999,Shopify Website Manager (eCommerce) 1547999 - OnlineJobs.ph,Any,$500-$750 a month -,20,"Jan 6, 2026",Shopify,500.0,750.0,625.0,625.0,USD,monthly
4447,1483389,Real Estate Research & Deal Packaging Associate 1483389 - OnlineJobs.ph,Part Time,$320,20,"Oct 3, 2025",Analysis;Lead Generation;Sales,320.0,320.0,320.0,320.0,USD,monthly
704,1479453,Full stack developement specialist & digital marketing 1479453 - OnlineJobs.ph,Part Time,$400/month,30,"Sep 29, 2025",Javascript;Mobile Development;Digital Marketing,400.0,400.0,400.0,400.0,USD,monthly
30038,1518452,CPA Tax Manager 1518452 - OnlineJobs.ph,Gig,$15.00/hour -$18/hour,TBD,"Nov 21, 2025",Tax Preparation;Client Relationship Management;Team Leadership,15.0,18.0,16.5,16.5,USD,hourly
19587,1503866,Telemarketer 1503866 - OnlineJobs.ph,Full Time,$500-1000,40,"Oct 31, 2025",Telemarketing;Inbound Sales;Outbound Calls,500.0,1000.0,750.0,750.0,USD,monthly
24454,1510748,Head of Digital / Head of Performance Marketing 1510748 - OnlineJobs.ph,Part Time,$5000,24,"Nov 10, 2025",Facebook marketing;Facebook Ads,5000.0,5000.0,5000.0,5000.0,USD,monthly
6928,1486314,Facebook Ads Strategist (Full Remote / Part-Time Available) 1486314 - OnlineJobs.ph,Part Time,30$/hour,25,"Oct 8, 2025",Facebook marketing;Facebook Ads;Media Buying,30.0,30.0,30.0,30.0,USD,weekly
46649,1529755,Amazon PPC Manager 1529755 - OnlineJobs.ph,Full Time,"$600 - $2,000 USD",40,"Jan 6, 2026",Keyword Research;Amazon PPC,600.0,2000.0,1300.0,1300.0,USD,monthly
25225,1510554,Virtual Assistant – SEO & WordPress Website Management 1510554 - OnlineJobs.ph,Part Time,$140-$210/month,TBD,"Nov 12, 2025",SEO;Wordpress,140.0,210.0,175.0,175.0,USD,monthly
28514,1516921,"Performance Ads Manager (Meta, TikTok, Google) – Full Time 1516921 - OnlineJobs.ph",Full Time,$800 USD,TBD,"Nov 19, 2025",Facebook Ads;Youtube Ads;Meta Business Suite,800.0,800.0,800.0,800.0,USD,monthly
38149,1536180,Medical Biller 1536180 - OnlineJobs.ph,Full Time,$4-$6,40,"Dec 17, 2025",Medical Billing;HIPAA Compliance,4.0,6.0,5.0,5.0,USD,hourly
46353,1547079,Truck Dispatcher (Remote- US logistics Company) US day shift 1547079 - OnlineJobs.ph,Full Time,$650/month,TBD,"Jan 5, 2026",Logistics Management;Freight Forwarding;Dispatching,650.0,650.0,650.0,650.0,USD,monthly
27511,1515438,Looking for fitness coach/personal trainer 1515438 - OnlineJobs.ph,Part Time,$7/hour,3,"Nov 17, 2025",Fitness;Health And Wellness;Lifestyle,7.0,7.0,7.0,7.0,USD,hourly
37608,1535564,Video Editor / Personal Assistant 1535564 - OnlineJobs.ph,Part Time,$350 / mo (retainer),12,"Dec 16, 2025",Graphic Design;Video Editing;Personal Assistant,350.0,350.0,350.0,350.0,USD,monthly
33448,1523613,Airtable Expert Needed — Build Organized System + Dashboards 1523613 - OnlineJobs.ph,Any,$600-$1500,40,"Nov 28, 2025",Airtable;Google Sheets,600.0,1500.0,1050.0,1050.0,USD,monthly
42921,1542167,Personal Assistant 1542167 - OnlineJobs.ph,Part Time,$2.50,4,"Dec 28, 2025",Social Media Content Creation;Microsoft Excel;Research,2.5,2.5,2.5,2.5,USD,hourly
56559,1563357,GHL Template Build 1563357 - OnlineJobs.ph,Any,$7 per hour,TBD,"Jan 25, 2026",GoHighLevel,7.0,7.0,7.0,7.0,USD,hourly
11002,1491805,Customize Webflow Template (Trial Project — Ongoing Work Available) 1491805 - OnlineJobs.ph,Gig,$10/hr,20,"Oct 15, 2025",,10.0,10.0,10.0,10.0,USD,hourly
6625,1485905,Transaction Coordinator (Real Estate) | $720–$960 USD / month | Full-Time | Remote 1485905 - OnlineJobs.ph,Full Time,720-960 USD,8,"Oct 7, 2025",,720.0,960.0,840.0,840.0,USD,monthly
25132,1511823,Track and Trace Assistant (Quality Assistance) 1511823 - OnlineJobs.ph,Any,$800 - $1100 / Month (Paid Every 16th / 1st),50,"Nov 11, 2025",Quality Assurance;Freight Forwarding;Logistics Coordination,800.0,1100.0,950.0,950.0,USD,monthly
38872,1537006,Credit Repair Specialist 1537006 - OnlineJobs.ph,Any,$6.00,TBD,"Dec 18, 2025",Credit Repair;Customer Service,6.0,6.0,6.0,6.0,USD,hourly
44411,1544021,Adobe Animate Animator Needed – Character Modeling + High-Volume Ad Assets ($8/hr) 1544021 - OnlineJobs.ph,Part Time,$8/hour,20,"Dec 31, 2025",Adobe;2d Animation,8.0,8.0,8.0,8.0,USD,hourly
55053,1561154,Accounts Clerk (2 VAs needed) 1561154 - OnlineJobs.ph,Full Time,$4-5,40,"Jan 22, 2026",,4.0,5.0,4.5,4.5,USD,hourly
20304,1504674,Video Editor 1504674 - OnlineJobs.ph,Any,$7 USD per hour,30,"Nov 3, 2025",Video Editing;English,7.0,7.0,7.0,7.0,USD,hourly
33051,1523137,Adobe After Effects Expert for YT Video Editing 1523137 - OnlineJobs.ph,Part Time,$170/month,10,"Nov 27, 2025",After Effects;Video Editing;Adobe Premiere Pro,170.0,170.0,170.0,170.0,USD,monthly
26632,1512543,TikTok Slideshow Creator 1512543 - OnlineJobs.ph,Any,$1-$2 per video,TBD,"Nov 15, 2025",Creative Writing;Social Media Content Creation;Social Media Video Editing,1.0,2.0,1.5,1.5,USD,hourly
13614,1495323,WordPress/Elementor Developer 1495323 - OnlineJobs.ph,Gig,$100 USD,6,"Oct 21, 2025",,100.0,100.0,100.0,100.0,USD,weekly
39399,1537709,Social Media Designer and Editor 1537709 - OnlineJobs.ph,Full Time,375-550$/month,45,"Dec 18, 2025",After Effects;Photoshop;Canva,375.0,550.0,462.5,462.5,USD,monthly
4343,1483277,Skilled Virtual Assistant Required! (Ecommerce CSR) 1483277 - OnlineJobs.ph,Full Time,$588/month,40,"Oct 3, 2025",Shopify;Customer Support;Ecommerce,588.0,588.0,588.0,588.0,USD,monthly
36819,1534552,SEO and Content Creative 1534552 - OnlineJobs.ph,Any,$2 - $6 / hr,TBD,"Dec 15, 2025",Content Creation;SEO,2.0,6.0,4.0,4.0,USD,hourly
35317,1532625,GoHighLevel Specialist - Automation & AI Integration 1532625 - OnlineJobs.ph,Any,$750 - 1250 per month,40,"Dec 11, 2025",GoHighLevel;Make.com,750.0,1250.0,1000.0,1000.0,USD,monthly
55006,1561100,eCommerce Video Editor 1561100 - OnlineJobs.ph,Full Time,"40,000 PHP / Month",40,"Jan 22, 2026",Video Editing;Social Media Video Editing;Video Marketing,40000.0,40000.0,40000.0,692.64,PHP,monthly
20831,1505528,Talented Vector Designer for Firearm Engraving 1505528 - OnlineJobs.ph,Part Time,$200,10,"Nov 3, 2025",,200.0,200.0,200.0,200.0,USD,weekly
25188,1511879,CPA/USA Tax Pro accountant 1511879 - OnlineJobs.ph,Full Time,$1000-$1500,40,"Nov 12, 2025",Accounting;Financial Analysis;Financial Planning,1000.0,1500.0,1250.0,1250.0,USD,monthly
33088,1523164,Expert Fashion Dropshipping Customer Service Manager 1523164 - OnlineJobs.ph,Part Time,$650 / Month,20,"Nov 28, 2025",Dropshipping;Shopify;Customer Service,650.0,650.0,650.0,650.0,USD,monthly
3113,1482059,YouTube Editor 1482059 - OnlineJobs.ph,Part Time,"$1,500/month",30,"Oct 2, 2025",Video Editing;Youtube Marketing,1500.0,1500.0,1500.0,1500.0,USD,monthly
11822,1492927,"e: ???? Executive Manager / Operations Team Lead for Real Estate, Construction & Property Management Company 1492927 - OnlineJobs.ph",Full Time,4$-8$  an hour,40,"Oct 17, 2025",Project Management;Management;Team Leadership,4.0,8.0,6.0,6.0,USD,hourly
46005,1546312,Payment Operations & Reconciliation (Accounting / Bookkeeping Focus) 1546312 - OnlineJobs.ph,Full Time,$800/month,40,"Jan 5, 2026",Accounts Reconciliations;Financial Accounting;Microsoft Excel,800.0,800.0,800.0,800.0,USD,monthly
26083,1513238,Online arbitrage 1513238 - OnlineJobs.ph,Full Time,$480-$560,40,"Nov 13, 2025",Amazon;Online Arbitrage,480.0,560.0,520.0,520.0,USD,monthly
15368,1497955,Hubspot Integration Specialist 1497955 - OnlineJobs.ph,Any,$1000,TBD,"Oct 23, 2025",HubSpot CRM;Tableau;API Integration,1000.0,1000.0,1000.0,1000.0,USD,monthly
22054,1507260,Video Editor: Experienced in eCommerce ads 1507260 - OnlineJobs.ph,Full Time,$1000/mo,40,"Nov 5, 2025",Video Editing,1000.0,1000.0,1000.0,1000.0,USD,monthly
27321,1515165,Maintenance Coordinator (Spanish-Speaking) 1515165 - OnlineJobs.ph,Full Time,$960/month,40,"Nov 17, 2025",,960.0,960.0,960.0,960.0,USD,monthly
52470,1557553,Social Media Manager (Launch & Growth) 1557553 - OnlineJobs.ph,Part Time,$5-$7/hour,25,"Jan 18, 2026",Social Media Management;Social Media Video Editing;Social Media Marketing,5.0,7.0,6.0,6.0,USD,hourly
12802,1494245,Spanish Medical Biller 1494245 - OnlineJobs.ph,Full Time,$5 per hour,48,"Oct 19, 2025",Medical Services;Medical Billing;Spanish Bilingual,5.0,5.0,5.0,5.0,USD,hourly
36894,1534691,Facebook Ads Specialist (Contract / Freelance) 1534691 - OnlineJobs.ph,Part Time,$10 per hour,TBD,"Dec 15, 2025",Social Media Content Creation;Social Media Marketing;Social Media Engagement,10.0,10.0,10.0,10.0,USD,hourly
48874,1551756,AMAZON WHOLESALE VA:PRODUCT  SOURCING & DISTRIBUTOR OUTREACH EXPERT 1551756 - OnlineJobs.ph,Part Time,$4 HOUR,20,"Jan 11, 2026",Keepa;Wholesale Sourcing,4.0,4.0,4.0,4.0,USD,hourly
33544,1523776,"Media Buyer for Auto Detailers (Meta + Google) – Long Term, 30–40 hrs/week 1523776 - OnlineJobs.ph",Full Time,$705,35,"Nov 29, 2025",Google Ads;Facebook Ads;Media Buying,705.0,705.0,705.0,705.0,USD,monthly
11273,1492204,I am looking for a 2D YouTube animator and editor 1492204 - OnlineJobs.ph,Full Time,"$600,-",40,"Oct 16, 2025",,600.0,600.0,600.0,600.0,USD,monthly
9346,1489385,Software Engineer- Javascript and Python 1489385 - OnlineJobs.ph,Full Time,$2400 USD per month,40,"Oct 12, 2025",Software;Javascript;Python,2400.0,2400.0,2400.0,2400.0,USD,monthly
1465,1480169,Marketing Manager (AI Content and Social Media Growth) for Crypto Brand 1480169 - OnlineJobs.ph,Part Time,$1000-$1500,30,"Sep 30, 2025",Content Creation;Video Content Creation;AI Tools,1000.0,1500.0,1250.0,1250.0,USD,monthly
3411,1482372,SEO Campaign Assistant 1482372 - OnlineJobs.ph,Any,$2-$2.5 per hour,TBD,"Oct 2, 2025",Content Creation;SEO;Data Entry,2.0,2.5,2.25,2.25,USD,hourly
14636,1496809,AMAZON BRAND MANAGER 1496809 - OnlineJobs.ph,Full Time,"$ 1,500 - $ 2,000 / month (Depending on experience)",40,"Oct 22, 2025",Amazon;Brand Management;Ecommerce,1500.0,2000.0,1750.0,1750.0,USD,monthly
50032,1553697,Web Designer & Web Developer 1553697 - OnlineJobs.ph,Part Time,$12/hr,15,"Jan 13, 2026",Web Design & Page Layout;GoHighLevel,12.0,12.0,12.0,12.0,USD,hourly
43510,1542963,General VA 1542963 - OnlineJobs.ph,Full Time,$800/month,40,"Dec 29, 2025",,800.0,800.0,800.0,800.0,USD,monthly
55484,1561883,Real Estate Sales 1561883 - OnlineJobs.ph,Full Time,$1500+,50,"Jan 23, 2026",Telemarketing;Outbound Sales;Cold Calling,1500.0,1500.0,1500.0,1500.0,USD,monthly
29948,1518856,Social Media Creator & Manager 1518856 - OnlineJobs.ph,Part Time,$400,20,"Nov 21, 2025",Social Media Content Creation;Social Media Management;Social Media Video Editing,400.0,400.0,400.0,400.0,USD,monthly
58585,1566423,Marketing Expert - Course Launch Specialist (GoHighLevel Required) 1566423 - OnlineJobs.ph,Full Time,$2500,40,"Jan 28, 2026",Marketing;Content Creation;GoHighLevel,2500.0,2500.0,2500.0,2500.0,USD,monthly
31140,1519562,ZOOM RECORDING SESSION 1519562 - OnlineJobs.ph,Part Time,$12-$15,TBD,"Nov 24, 2025",English Speaking;English Proficiency,12.0,15.0,13.5,13.5,USD,hourly
12474,1493880,Social media 1493880 - OnlineJobs.ph,Full Time,$400/PO,30,"Oct 18, 2025",Social Media Content Creation;Graphic Design;CapCut,400.0,400.0,400.0,400.0,USD,monthly
12797,1494252,"SEO + Web Development + Google & Meta Ads Specialist (Part-Time, Long-Term Opportunity) 1494252 - OnlineJobs.ph",Any,3-5 USD,25,"Oct 19, 2025",Google Ads;Local SEO;Web Development,3.0,5.0,4.0,4.0,USD,hourly
50696,1555131,Digital Marketing Associate (Paid Media Focus) 1555131 - OnlineJobs.ph,Full Time,$21/hour,40,"Jan 15, 2026",Marketing;Facebook Ads;Digital Marketing,21.0,21.0,21.0,21.0,USD,hourly
36061,1533673,Sales Manager 1533673 - OnlineJobs.ph,Full Time,PHP 60000,TBD,"Dec 12, 2025",,60000.0,60000.0,60000.0,1038.96,PHP,monthly
1876,1480856,Direct Response Copywriter/Marketing Strategist 1480856 - OnlineJobs.ph,Full Time,166 PHP / Hour,35,"Sep 30, 2025",,166.0,166.0,166.0,2.87,PHP,daily
24566,1510925,AI Model Content Generator & Social Media Video Creator (Stable Diffusion / Wan 2.2) 1510925 - OnlineJobs.ph,Full Time,$600/mo USD,40,"Nov 11, 2025",Photoshop;Graphic Design;Social Media Video Editing,600.0,600.0,600.0,600.0,USD,monthly
22278,1507588,Thumbnail Artist/ Designer Needed 1507588 - OnlineJobs.ph,Full Time,$500 / month,35,"Nov 6, 2025",3D Design;Graphic Design;Thumbnail & Social Media Design,500.0,500.0,500.0,500.0,USD,monthly
9244,1489269,???? Full-Time E-commerce Customer Support Agent 1489269 - OnlineJobs.ph,Full Time,400$ per month,48,"Oct 12, 2025",Customer Support;Shopify;Email Support,400.0,400.0,400.0,400.0,USD,monthly
9046,1489056,Google Ads Media Buying Assistant (Ad Ops VA | Part-Time) 1489056 - OnlineJobs.ph,Part Time,$600–$800/month,30,"Oct 12, 2025",Google Ads;Keyword Research;Google Sheets,600.0,800.0,700.0,700.0,USD,monthly
21975,1180084,Content Writing | Social Media Focus (English Writing) 1180084 - OnlineJobs.ph,Part Time,$4-6 USD Per Hour (Experience Depending),20,"Nov 5, 2025",Content Creation;Social Media Content Creation;English,4.0,6.0,5.0,5.0,USD,hourly
4310,1483237,Simple Longform YouTube Editor For Mystery Videos 1483237 - OnlineJobs.ph,Any,$400,TBD,"Oct 3, 2025",Video Editing;Adobe Premiere Pro,400.0,400.0,400.0,400.0,USD,monthly
52307,1557364,Scheduler 1557364 - OnlineJobs.ph,Full Time,"$300 base, up to $1500 or more commision",40,"Jan 18, 2026",Chat Support;Scheduling;English Proficiency,300.0,1500.0,900.0,900.0,USD,monthly
23801,1508533,Faceless YT video editor for how to study niche 1508533 - OnlineJobs.ph,Any,$15 per video (8-10 minutes video),5,"Nov 9, 2025",,8.0,15.0,11.5,11.5,USD,hourly
52055,1557056,"FULL-TIME Virtual Assistant – Messaging, Lead Generation & Follow-Up ($2.50–$3.50/hr) 1557056 - OnlineJobs.ph",Full Time,$2.50/hour,30,"Jan 17, 2026",,2.5,2.5,2.5,2.5,USD,hourly
49454,1552673,Real Estate Cold Caller - PropStream Experience 1552673 - OnlineJobs.ph,Part Time,$4 USD per hour,20,"Jan 12, 2026",Cold Calling;English Speaking;Skip Tracing,4.0,4.0,4.0,4.0,USD,hourly
41755,1540689,ersonal Assistant / Accountability Partner 1540689 - OnlineJobs.ph,Full Time,$4.50 USD per hour.,43,"Dec 24, 2025",English;Organization,4.5,4.5,4.5,4.5,USD,hourly
39796,1538299,"Social Media Video Editor (Short-Form + Long-Form, Ads-Focused) 1538299 - OnlineJobs.ph",Full Time,$1500,40,"Dec 19, 2025",Video Content Creation;Motion Graphics;Social Media Video Editing,1500.0,1500.0,1500.0,1500.0,USD,monthly
38878,1537033,Operations Lead (Systems + Execution) — “Integrator Track” 1537033 - OnlineJobs.ph,Full Time,$10-17/hr,35,"Dec 18, 2025",Administrative Management;Customer Support Management;Operation Management,10.0,17.0,13.5,13.5,USD,hourly
47733,1549165,Bookkeeper (QBO Expert | Clean-ups | Systems Savvy) 1549165 - OnlineJobs.ph,Part Time,$5-$7,20,"Jan 7, 2026",Quickbooks;Financial Accounting;Financial Reporting,5.0,7.0,6.0,6.0,USD,hourly
231,1479349,Remote Appointment Setters 1479349 - OnlineJobs.ph,Any,Hourly $6.00 to $12.00 Base +,36,"Sep 28, 2025",English Speaking;Appointment Setting;Team Leadership,6.0,12.0,9.0,9.0,USD,hourly
4356,1483296,Video Editor (Influencer Content) 1483296 - OnlineJobs.ph,Full Time,"$1,000",TBD,"Oct 3, 2025",Video Content Creation;Video Editing;Social Media Video Editing,1000.0,1000.0,1000.0,1000.0,USD,monthly
38037,1535124,Remote Bookkeeper 1535124 - OnlineJobs.ph,Full Time,$1000,TBD,"Dec 16, 2025",Accounting;Quickbooks;Bookkeeping,1000.0,1000.0,1000.0,1000.0,USD,monthly
136,1443449,Graphic Designer / Video Editor 1443449 - OnlineJobs.ph,Full Time,580$,42,"Sep 28, 2025",Photoshop;Illustrator;Adobe Premiere Pro,580.0,580.0,580.0,580.0,USD,monthly
33407,1523515,Writer (Business / Legal / Compliance Topics) 1523515 - OnlineJobs.ph,Any,$900,40,"Nov 28, 2025",Research Writing;Legal Writing;Writing,900.0,900.0,900.0,900.0,USD,monthly
16366,1499345,Search Engine Marketing (SEM) Specialist 1499345 - OnlineJobs.ph,Full Time,$5000,40,"Oct 26, 2025",Marketing;Performance Marketing;CRM,5000.0,5000.0,5000.0,5000.0,USD,monthly
24175,1510220,AI & Automation Business Specialist (Remote – New Zealand FMCG Group) 1510220 - OnlineJobs.ph,Full Time,"USD 1,200 – 2,200 per month (depending on experience and skill set)",40,"Nov 10, 2025",Microsoft Excel;Robotic Process Automation;AI Automation,1200.0,2200.0,1700.0,1700.0,USD,monthly
6789,1486091,URGENT: AR Denials Management Specialist - Direct Hire 1486091 - OnlineJobs.ph,Full Time,$700-$900 per month,40,"Oct 7, 2025",Accounts Receivable;Medical Billing;Denial Management,700.0,900.0,800.0,800.0,USD,monthly
45533,1545590,TikTok Shop Project Manager (UGC + Affiliate Operations) 1545590 - OnlineJobs.ph,Part Time,$4/hour,25,"Jan 3, 2026",Social Media Management;Project Management;Organization,4.0,4.0,4.0,4.0,USD,hourly
1246,1480213,Amazon and Shopify E-Commerce Listing Expert 1480213 - OnlineJobs.ph,Any,900 USD/ month (assuming 40 hours a week),40,"Sep 29, 2025",Amazon;Shopify,900.0,900.0,900.0,900.0,USD,monthly
59311,1567590,Account Manager 1567590 - OnlineJobs.ph,Full Time,"35,000 - 50,000 PHP monthly",40,"Jan 30, 2026",Technical Support;Account Management,35000.0,50000.0,42500.0,735.93,PHP,monthly
12536,1493952,Graphic Designer 1493952 - OnlineJobs.ph,Any,up to 800$/ month,35,"Oct 18, 2025",Font & Typographic Design;Art & Comic Design;Illustration,800.0,800.0,800.0,800.0,USD,monthly
13583,1495286,Virtual Client Success Manager 1495286 - OnlineJobs.ph,Full Time,PHP 500 / hour - PHP 650,20,"Oct 20, 2025",Facebook Ads;Client Relationship Management,500.0,650.0,575.0,9.96,PHP,daily
28328,1510759,Virtual Administrative Assistant 1510759 - OnlineJobs.ph,Part Time,$180 - $350 / Month,10,"Nov 18, 2025",Email Support;Data Entry;Scheduling,180.0,350.0,265.0,265.0,USD,weekly
58094,1564670,"Online Marketing, SEO and website support 1564670 - OnlineJobs.ph",Any,?360/hour,30,"Jan 28, 2026",Google Analytics;Facebook Ads;SEO Analysis,360.0,360.0,360.0,6.23,PHP,hourly
40514,1539254,Report Transcription & Documentation Administrator 1539254 - OnlineJobs.ph,Full Time,"Php 25,000 - Php 30,000",40,"Dec 22, 2025",Transcription;Attention to Detail;Note Taking,25000.0,30000.0,27500.0,476.19,PHP,monthly
10414,1490932,Junior Financial Analyst (VA/WFH/Remote) 1490932 - OnlineJobs.ph,Full Time,"$1,120 USD / month ($7/hr)",40,"Oct 14, 2025",Accounting;Analysis;Financial Analysis,1120.0,1120.0,1120.0,1120.0,USD,hourly
15682,1498465,N8N Expert 1498465 - OnlineJobs.ph,Part Time,$4-$7 per hour,TBD,"Oct 24, 2025",Marketing Automation;Active Campaign;AI Automation,4.0,7.0,5.5,5.5,USD,hourly
18795,1502798,"LinkedIn Ads Specialist – B2B Lead Generation (Remote, Part-Time or Full-Time) 1502798 - OnlineJobs.ph",Any,$800,40,"Oct 30, 2025",Marketing Analytics;LinkedIn Marketing,800.0,800.0,800.0,800.0,USD,monthly
20073,1504395,Video Editor / Graphic Designer 1504395 - OnlineJobs.ph,Any,"$1,000-$2,000",40,"Nov 2, 2025",Graphic Design;Video Editing,1000.0,2000.0,1500.0,1500.0,USD,monthly
20907,1505647,Graphic Designer / Carousel & Frame Creator 1505647 - OnlineJobs.ph,Full Time,$250 - $400 USD/Month,20,"Nov 4, 2025",Infographics;Graphic Design;Advertising And Marketing Design,250.0,400.0,325.0,325.0,USD,monthly
47381,1548554,GoHighLevel (GHL) Implementer + Trainer (Part-Time) – Build Backend After Demo Acceptance 1548554 - OnlineJobs.ph,Part Time,$10hr,12,"Jan 7, 2026",CRM;Marketing Automation;GoHighLevel,,,,,USD,unknown
55918,1562521,Outbound Cold Caller VA – Surplus Funds Recovery (U.S. Real Estate) 1562521 - OnlineJobs.ph,Part Time,$4–$6 USD/hour + performance incentives,25,"Jan 23, 2026",Telemarketing;Customer Support;English Speaking,4.0,6.0,5.0,5.0,USD,hourly
47889,1547511,Video edeting - short form ads 1547511 - OnlineJobs.ph,Gig,13$ per video,TBD,"Jan 8, 2026",Video Editing,13.0,13.0,13.0,13.0,USD,hourly
24166,1503437,Part Time Digital Marketing Manager 1503437 - OnlineJobs.ph,Part Time,$700,25,"Nov 10, 2025",Marketing;Website Builder;Digital Marketing,700.0,700.0,700.0,700.0,USD,monthly
53815,1559449,Technical Writer 1559449 - OnlineJobs.ph,Full Time,Monthly: approximately $750.00 - $920.00,40,"Jan 20, 2026",Technical Writing;Research Writing;Microsoft Excel,750.0,920.0,835.0,835.0,USD,monthly
23124,1508734,CAD Technician - Revit 1508734 - OnlineJobs.ph,Full Time,$1000,40,"Nov 7, 2025",,1000.0,1000.0,1000.0,1000.0,USD,monthly
32894,1522900,Video Editor / Graphic Designer / Content Strategist 1522900 - OnlineJobs.ph,Full Time,"?25,800.00 - ?31,500.00 per month",40,"Nov 27, 2025",Graphic Design;Video Editing,25800.0,31500.0,28650.0,496.1,PHP,monthly
8962,1488957,Controller 1488957 - OnlineJobs.ph,Part Time,"$1,000",28,"Oct 11, 2025",Payroll;Financial Accounting;Legal Writing,1000.0,1000.0,1000.0,1000.0,USD,monthly
16598,1499627,Lifestyle travel assistant 1499627 - OnlineJobs.ph,Part Time,$100,5,"Oct 27, 2025",Travel Planning;Scheduling;Research,100.0,100.0,100.0,100.0,USD,weekly
32591,1521103,Graphic Designer / Creative Content Assistant (Bella Eve Art Studio) 1521103 - OnlineJobs.ph,Part Time,200 USD,5,"Nov 26, 2025",Shopify;Photoshop;Graphic Design,200.0,200.0,200.0,200.0,USD,weekly
59638,1568161,Senior Software Engineer - AI - [Australia] Quick Application 1568161 - OnlineJobs.ph,Any,"$3,000 - $4,000 USD per month",40,"Jan 30, 2026",Django;AWS;Artificial Intelligence,3000.0,4000.0,3500.0,3500.0,USD,monthly
17802,1501368,Data Analyst – Chargeback & Alert Tracking (E-Commerce) 1501368 - OnlineJobs.ph,Any,$3-$5 Per hour,TBD,"Oct 28, 2025",Microsoft Excel;Order Management;Team Collaboration,3.0,5.0,4.0,4.0,USD,hourly
50605,1554962,Video Editor For FB Ads | UGC Focus 1554962 - OnlineJobs.ph,Full Time,$5/hr (based on experience),40,"Jan 15, 2026",Facebook Ads;Video Editing;Social Media Video Editing,5.0,5.0,5.0,5.0,USD,hourly
34741,1532010,Logistics Manager 1532010 - OnlineJobs.ph,Full Time,"$1,500 - $2,000",40,"Dec 10, 2025",Amazon;Logistics Management;Supply Chain Management,1500.0,2000.0,1750.0,1750.0,USD,monthly
5473,1478867,Sales Assistant 1478867 - OnlineJobs.ph,Part Time,$3.50 - $4 per hour,20,"Oct 6, 2025",Outbound Sales;Sales Management;Sales,3.5,4.0,3.75,3.75,USD,hourly
47194,1546051,chargeback & dispute resolution specialist (shopify + paypal) 1546051 - OnlineJobs.ph,Gig,$10/hr or $4.54 per case,3,"Jan 7, 2026",,4.54,10.0,7.27,7.27,USD,hourly
30143,1519052,Marketing Generalist (T-Shaped Marketer) 1519052 - OnlineJobs.ph,Part Time,$7 USD/hour,20,"Nov 21, 2025",CRM;Project Management;Digital Marketing,7.0,7.0,7.0,7.0,USD,hourly
33857,1444565,EXPERIENCED SURPLUS FUNDS / EXCESS PROCEEDS PROFESSIONAL 1444565 - OnlineJobs.ph,Any,$5-10 per hour,40,"Nov 30, 2025",Real Estate;Data Analytics;Skip Tracing,5.0,10.0,7.5,7.5,USD,hourly
13228,1494712,Dispositions Manager 1494712 - OnlineJobs.ph,Any,$400,TBD,"Oct 20, 2025",Real Estate Marketing;Cold Calling;Disposition Real Estate,400.0,400.0,400.0,400.0,USD,monthly
645,1479663,Email Marketing Design Specialist – Klaviyo Experience 1479663 - OnlineJobs.ph,Any,$3-$5 USD per hour,40,"Sep 29, 2025",eMail Marketing;Design;Klaviyo,3.0,5.0,4.0,4.0,USD,hourly
5040,1483778,Digital Strategist – Google and Meta 1483778 - OnlineJobs.ph,Any,$500-$2000/Month,23,"Oct 4, 2025",Google Tag Manager;Meta Pixel;Brand Analysis,500.0,2000.0,1250.0,1250.0,USD,monthly
744,1479728,AI & Automation Strategist 1479728 - OnlineJobs.ph,Any,"Php 80,000 - Php 100,000 per month",40,"Sep 29, 2025",Robotic Process Automation;AI Automation,80000.0,100000.0,90000.0,1558.44,PHP,monthly
3398,1482356,Content Engagement / Chat support VA 1482356 - OnlineJobs.ph,Full Time,$600+,48,"Oct 2, 2025",CRM;Typing;English Proficiency,600.0,600.0,600.0,600.0,USD,monthly
3026,1481990,"Create art for publication: Digital Painter, Digital Artist 1481990 - OnlineJobs.ph",Any,$500,20,"Oct 1, 2025",,500.0,500.0,500.0,500.0,USD,monthly
21068,1505899,Compliance Officer 1505899 - OnlineJobs.ph,Full Time,300-1000 USD,40,"Nov 4, 2025",Financial Analysis;Internal Auditing;External Audit,300.0,1000.0,650.0,650.0,USD,monthly
54793,1560933,Credit Analyst Role 1560933 - OnlineJobs.ph,Full Time,"PHP 30,000 + Settlement Allowance",40,"Jan 22, 2026",Mortgages;Risk Assessment;Loan Processing,30000.0,30000.0,30000.0,519.48,PHP,monthly
712,1342132,Marketing Generalist 1342132 - OnlineJobs.ph,Part Time,$7-10/hr,20,"Sep 29, 2025",Marketing;Marketing Analytics;Cryptocurrency,7.0,10.0,8.5,8.5,USD,hourly
44922,1543904,Virtual Operations & Admin Assistant (Long-term) 1543904 - OnlineJobs.ph,Part Time,$520,20,"Jan 2, 2026",Attention to Detail;Communication;Problem Solving,520.0,520.0,520.0,520.0,USD,monthly
39282,1537551,Property Manager (Rent Manager Software) 1537551 - OnlineJobs.ph,Full Time,$6,40,"Dec 18, 2025",Property Management,6.0,6.0,6.0,6.0,USD,hourly
46381,1547088,Amazon Graphic Designer 1547088 - OnlineJobs.ph,Full Time,850 USD,40,"Jan 5, 2026",,850.0,850.0,850.0,850.0,USD,monthly
39634,1532790,Customer Support Rep (Fully Remote) 1532790 - OnlineJobs.ph,Full Time,"35,000 PHP after Probation and Training",40,"Dec 19, 2025",Customer Support;Office and Administration,35000.0,35000.0,35000.0,606.06,PHP,monthly
57691,1565116,Digital Marketing Manager 1565116 - OnlineJobs.ph,Any,$1000 per month,40,"Jan 27, 2026",eMail Marketing;Google Ads;Advertising And Marketing Design,1000.0,1000.0,1000.0,1000.0,USD,monthly
49912,1553398,Video Editor 1553398 - OnlineJobs.ph,Full Time,$4 / Hour,TBD,"Jan 13, 2026",Video Content Creation;Video Editing;Social Media Video Editing,4.0,4.0,4.0,4.0,USD,hourly
12652,1494083,Flexible Graphic Designer / Photo Editor for Ecommerce Product Images (Photoshop & AI) 1494083 - OnlineJobs.ph,Part Time,$8/hour,TBD,"Oct 19, 2025",Photoshop;Illustrator;Graphic Design,8.0,8.0,8.0,8.0,USD,hourly
52462,1557541,Part-Time Social Media & Content Manager for Pediatric Therapy Practice 1557541 - OnlineJobs.ph,Part Time,"$320/mo, $4/hr to start",20,"Jan 18, 2026",Social Media Management;Film Editing;Virtual Assistant,320.0,320.0,320.0,320.0,USD,hourly
4806,1455668,Virtual Assistant for Growing Real Estate Media Company 1455668 - OnlineJobs.ph,Full Time,$850,55,"Oct 4, 2025",Organization;English Proficiency;Multitasking,850.0,850.0,850.0,850.0,USD,monthly
32989,1523058,B-ROLL Finder (One-Shot Mission – $20 Fixed) 1523058 - OnlineJobs.ph,Any,20$,TBD,"Nov 27, 2025",,20.0,20.0,20.0,20.0,USD,weekly
44549,1543214,Expert and Dedicated Writer/Editor 1543214 - OnlineJobs.ph,Part Time,fixed $60/20K words,TBD,"Jan 1, 2026",,60.0,60.0,60.0,60.0,USD,weekly
52692,1557814,Amazon Storefront Designer & Product Listing Specialist 1557814 - OnlineJobs.ph,Any,$750-$1000 per month,40,"Jan 19, 2026",Amazon;Catalog Management;Seller Page Management,750.0,1000.0,875.0,875.0,USD,monthly
16910,1500045,Sound Designer 1500045 - OnlineJobs.ph,Part Time,$500/month,20,"Oct 27, 2025",Audio Editing;Music Production;Sound Design,500.0,500.0,500.0,500.0,USD,monthly
35473,1514207,Med VA - Dental Insurance 1514207 - OnlineJobs.ph,Any,$4.5/hr,40,"Dec 11, 2025",Dental Insurance;Dental Billing,4.5,4.5,4.5,4.5,USD,hourly
32949,1522970,Digital Marketing Specialist 1522970 - OnlineJobs.ph,Full Time,"$705.00 - $860.00 per month (?40,200 ...",40,"Nov 27, 2025",Copywriting;Social Media Management;Digital Marketing,705.0,860.0,782.5,782.5,USD,monthly
47034,1548189,Graphic Designer (Social + Digital + Print) 1548189 - OnlineJobs.ph,Full Time,900/month USD,40,"Jan 7, 2026",Illustrator;Graphic Design;Canva,900.0,900.0,900.0,900.0,USD,monthly
17333,1500637,Digital Strategist 1500637 - OnlineJobs.ph,Part Time,$5000,40,"Oct 28, 2025",Digital Marketing,5000.0,5000.0,5000.0,5000.0,USD,monthly
17468,1499580,Real Estate & Mortgage marketing assistant 1499580 - OnlineJobs.ph,Part Time,$5.00 per hour,15,"Oct 28, 2025",Real Estate Marketing;Social Media Content Creation;Mortgage,5.0,5.0,5.0,5.0,USD,hourly
12773,1493874,CUSTOMER SUPPORT REPRESENTATIVE FOR 6-FIGURE ECOMMERCE BRAND 1493874 - OnlineJobs.ph,Part Time,$3/h,TBD,"Oct 19, 2025",Customer Support Management;Email Support;Customer Service,3.0,3.0,3.0,3.0,USD,hourly
3369,1482320,Youtube Strategist (Topic researcher) 1482320 - OnlineJobs.ph,Any,$350,TBD,"Oct 2, 2025",Social Media Management;Research,350.0,350.0,350.0,350.0,USD,monthly
24739,1511228,Appointment Setter/Cold Caller/Telemarker 1511228 - OnlineJobs.ph,Part Time,$562AUD/month,25,"Nov 11, 2025",Outbound Sales;Appointment Setting;Cold Calling,,,,,USD,unknown
1383,1480368,Local & Website SEO Specialist for a US Marketing Agency 1480368 - OnlineJobs.ph,Full Time,$1000 - $1200,40,"Sep 30, 2025",,1000.0,1200.0,1100.0,1100.0,USD,monthly
38258,1536354,Full-Time Video Ads Editor (Shopify / Dropshipping / VSLs) 1536354 - OnlineJobs.ph,Any,$1000 a month,TBD,"Dec 17, 2025",Video Content Creation;Video Editing;Social Media Video Editing,1000.0,1000.0,1000.0,1000.0,USD,monthly
45347,1417319,Bilingual VA (English + Chinese) Source Suppliers from Taobao 1417319 - OnlineJobs.ph,Part Time,$400,40,"Jan 3, 2026",,400.0,400.0,400.0,400.0,USD,monthly
38897,1537043,Property Management Admin and Assitant 1537043 - OnlineJobs.ph,Full Time,$300 to $500 USD per month,36,"Dec 18, 2025",,300.0,500.0,400.0,400.0,USD,monthly
59574,1568058,Amazon KDP : Content Production Specialist 1568058 - OnlineJobs.ph,Part Time,$5 Hourly,10,"Jan 30, 2026",Kindle Direct Publishing (KDP);Attention to Detail;ChatGPT,5.0,5.0,5.0,5.0,USD,hourly
46287,1546933,Senior eCommerce Accountant 1546933 - OnlineJobs.ph,Full Time,"PHP 100,000–140,000 per month, based on",40,"Jan 5, 2026",,100000.0,140000.0,120000.0,2077.92,PHP,monthly
3639,1482596,Paid Ads Specialist 1482596 - OnlineJobs.ph,Full Time,$800-$1200,48,"Oct 2, 2025",Google Ads;Facebook Ads;PPC,800.0,1200.0,1000.0,1000.0,USD,monthly
11649,1492751,Senior Bookkeeper (QuickBooks Online Expert – Multi-Business Catch-Up & Ongoing Management) 1492751 - OnlineJobs.ph,Full Time,"?50,000/month",40,"Oct 16, 2025",Quickbooks;Financial Accounting;Google Sheets,50000.0,50000.0,50000.0,865.8,PHP,monthly
39536,1537893,AI Video Creator & Music Video Editor (Board Sports + Music Projects) 1537893 - OnlineJobs.ph,Part Time,$6/hour,25,"Dec 19, 2025",Video Content Creation;Video Editing;Film Editing,6.0,6.0,6.0,6.0,USD,hourly
20718,1505363,ead Scraper / Python Data Extraction Specialist (Fixed Project) 1505363 - OnlineJobs.ph,Part Time,$300,TBD,"Nov 3, 2025",Webinar Writing;Data scraping,300.0,300.0,300.0,300.0,USD,monthly
55841,1562406,HIGH-POWER SALESPERSON 1562406 - OnlineJobs.ph,Part Time,$400/hr,20,"Jan 23, 2026",PipelineDeals;Lead Generation;Public Speaking,400.0,400.0,400.0,400.0,USD,hourly
9036,1418693,Accountant/Bookkeeper 1418693 - OnlineJobs.ph,Full Time,$700-$800/month,40,"Oct 12, 2025",Accounts Reconciliations;Financial Accounting;Accounting,700.0,800.0,750.0,750.0,USD,monthly
11460,1492476,AI Fashion Image Specialist (ComfyUI Expert) 1492476 - OnlineJobs.ph,Any,$5/h,20,"Oct 16, 2025",Graphic Design;AI Tools;Artificial Intelligence,5.0,5.0,5.0,5.0,USD,hourly
11257,1492199,AI Content Producer & Brand Journalist 1492199 - OnlineJobs.ph,Full Time,"?55,000–?70,000",40,"Oct 16, 2025",Social Media Content Creation;Canva;Journalism,55000.0,70000.0,62500.0,1082.25,PHP,monthly
51765,1554881,Youtube Shorts 3D Animations Simply how 1554881 - OnlineJobs.ph,Part Time,$500,30,"Jan 17, 2026",3D animation,500.0,500.0,500.0,500.0,USD,monthly
58427,1566179,GoHighLevel (GHL) Automation Expert 1566179 - OnlineJobs.ph,Full Time,$400-$800,40,"Jan 28, 2026",Email Marketing;GoHighLevel;AI Automation,400.0,800.0,600.0,600.0,USD,monthly
56247,1563015,Virtual Assistant / Executive Assistant  Aesthetics & Injectables Clinic | Long-Term Role 1563015 - OnlineJobs.ph,Full Time,$1100.00 - $1365.00 per month,35,"Jan 24, 2026",Social Media Management;Customer Service;Administrative Support,1100.0,1365.0,1232.5,1232.5,USD,monthly
10362,1490817,Full Stack Developer 1490817 - OnlineJobs.ph,Part Time,$800.00,20,"Oct 14, 2025",PostgreSQL;AWS;FastAPI,800.0,800.0,800.0,800.0,USD,monthly
9903,1409007,Leasing Coordinator 1409007 - OnlineJobs.ph,Full Time,$4.50,40,"Oct 13, 2025",,4.5,4.5,4.5,4.5,USD,hourly
44638,1544273,Sales Operations Data Coordinator 1544273 - OnlineJobs.ph,Full Time,$3 - $4 per hour,TBD,"Jan 1, 2026",CRM;Salesforce;Customer Support,3.0,4.0,3.5,3.5,USD,hourly
58960,1567019,AI Video Hook Specialist 1567019 - OnlineJobs.ph,Any,$650/month or $5/hour,30,"Jan 29, 2026",Video Editing;AI Tools,650.0,650.0,650.0,650.0,USD,hourly
27040,1514198,AI Video Generator/Editor NEEDED ASAP 1514198 - OnlineJobs.ph,Full Time,$1000,40,"Nov 16, 2025",,1000.0,1000.0,1000.0,1000.0,USD,monthly
27841,1251982,Sourcing and Admin Specialist 1251982 - OnlineJobs.ph,Full Time,"$850 - $1,100 USD/mo",40,"Nov 17, 2025",US recruiting;Databases;LinkedIn Marketing,850.0,1100.0,975.0,975.0,USD,monthly
13858,1495639,TIKTOK VA #1 – Trend & Product Researcher (Full-Time / Long-Term) 1495639 - OnlineJobs.ph,Full Time,Pay: $3.00 – $4.00 USD per hour ($480 – $640 monthly) + Unlimited bonuses,40,"Oct 21, 2025",Instagram marketing;Tiktok Ads;Trend Monitoring,480.0,640.0,560.0,560.0,USD,hourly
43998,1543627,Ecommerce Assistent 1543627 - OnlineJobs.ph,Full Time,1500$ - 2000$ / montiert,45,"Dec 30, 2025",,1500.0,2000.0,1750.0,1750.0,USD,monthly
26966,1514768,Manager (with Property Management and Legal Experience) 1514768 - OnlineJobs.ph,Full Time,$700-1300,40,"Nov 16, 2025",Legal Services;Property Management;Operation Management,700.0,1300.0,1000.0,1000.0,USD,monthly
3211,1452979,Chat-Based Sales – Live Interaction 1452979 - OnlineJobs.ph,Any,$800-2000,40,"Oct 2, 2025",,800.0,2000.0,1400.0,1400.0,USD,monthly
21339,1506297,URGENT) Part-Time Facebook Ads Assistant 1506297 - OnlineJobs.ph,Any,$5000/month,15,"Nov 4, 2025",Facebook marketing;Facebook Ads;Ads Management,5000.0,5000.0,5000.0,5000.0,USD,monthly
16664,1499710,VIDEO EDITOR WITH CAPCUT PRO 1499710 - OnlineJobs.ph,Full Time,"20,000 PHP",40,"Oct 27, 2025",,20000.0,20000.0,20000.0,346.32,PHP,monthly
24818,1511341,Executive Assistant 1511341 - OnlineJobs.ph,Part Time,$80 USD per week,20,"Nov 11, 2025",Data Analytics;Attention to Detail;English,80.0,80.0,80.0,80.0,USD,weekly
30632,1519852,Social Media Manager 1519852 - OnlineJobs.ph,Full Time,$400+,36,"Nov 23, 2025",Marketing;Social Media Management;English Proficiency,400.0,400.0,400.0,400.0,USD,monthly
59549,1568037,Outreach VA 1568037 - OnlineJobs.ph,Full Time,$9/hr,40,"Jan 30, 2026",Prospecting;Account Management;Email Copywriting,9.0,9.0,9.0,9.0,USD,hourly
33660,1523910,AI Media & B-Roll Specialist 1523910 - OnlineJobs.ph,Part Time,$600-$1000,TBD,"Nov 29, 2025",Video Editing;AI Tools,600.0,1000.0,800.0,800.0,USD,monthly
21420,1504476,Experienced Inbound Outbound Call Specialist 1504476 - OnlineJobs.ph,Full Time,$150-$350 per week,40,"Nov 4, 2025",Phone Support;English Speaking;Customer Service,150.0,350.0,250.0,250.0,USD,weekly
41019,1539941,PAID ADS SPECIALIST / ACCOUNT MANAGER 1539941 - OnlineJobs.ph,Full Time,3000$-4500$/Month,40,"Dec 23, 2025",Google Ads;Facebook Ads;Tiktok Ads,3000.0,4500.0,3750.0,3750.0,USD,monthly
9835,1490028,Executive Virtual Assistant - experience with Pipedrive CRM and Kit 1490028 - OnlineJobs.ph,Part Time,$6 USD per hour,20,"Oct 13, 2025",,6.0,6.0,6.0,6.0,USD,hourly
37554,1535485,Creative Strategist – Paid Ads (Footwear Brand) 1535485 - OnlineJobs.ph,Full Time,$10/ hour,TBD,"Dec 16, 2025",,10.0,10.0,10.0,10.0,USD,hourly
16090,1497213,Video Editor 1497213 - OnlineJobs.ph,Part Time,$5/hr,10,"Oct 25, 2025",Video Editing;Adobe Premiere Pro;Notion,5.0,5.0,5.0,5.0,USD,hourly
10810,1478556,PPC Specialist – Amazon Marketing Agency 1478556 - OnlineJobs.ph,Full Time,"$800 - $1,600",45,"Oct 15, 2025",Amazon Ads;Amazon;Amazon PPC,800.0,1600.0,1200.0,1200.0,USD,monthly
11742,1271584,Senior Accountant (Remote) 1271584 - OnlineJobs.ph,Full Time,$5/hr,40,"Oct 17, 2025",Accounting;Financial Accounting;Bookkeeping,5.0,5.0,5.0,5.0,USD,hourly
36750,1534499,Lead Generation and Data Entry Assistant 1534499 - OnlineJobs.ph,Full Time,$600-$800,40,"Dec 14, 2025",CRM;Microsoft Excel;Communication,600.0,800.0,700.0,700.0,USD,monthly
8062,1485254,Executive Assistant 1485254 - OnlineJobs.ph,Full Time,$6/hr,40,"Oct 9, 2025",Administrative Management;Executive Assistance,6.0,6.0,6.0,6.0,USD,hourly
38698,1536802,Meta Ads & Social Media Manager – Home Services (Roofing & Gutters) 1536802 - OnlineJobs.ph,Any,$5-8 Hourly,10,"Dec 17, 2025",Social Media Content Creation;Social Media Management;Social Media Video Editing,5.0,8.0,6.5,6.5,USD,hourly
42630,1541882,Creative Social Media Manager & Canva Designer 1541882 - OnlineJobs.ph,Any,$3 per hour / $60 per week,20,"Dec 27, 2025",Social Media Content Creation;Social Media Management;Canva,60.0,60.0,60.0,60.0,USD,hourly
58256,1565328,Senior Video Editor and Motion Graphics Editor with 3D experience 1565328 - OnlineJobs.ph,Any,$1000,40,"Jan 28, 2026",Graphic Design;Video Editing;Motion Graphics,1000.0,1000.0,1000.0,1000.0,USD,monthly
49549,1552802,We are hiring a Local SEO and Google Business Profile Setup Specialist 1552802 - OnlineJobs.ph,Part Time,$300 a month,5,"Jan 13, 2026",Google Analytics;Local SEO;On-Page,300.0,300.0,300.0,300.0,USD,monthly
48018,1549516,Support Centre Operative 1549516 - OnlineJobs.ph,Full Time,$550,TBD,"Jan 8, 2026",,550.0,550.0,550.0,550.0,USD,monthly
35184,1532512,Sales & Cold Callers 1532512 - OnlineJobs.ph,Full Time,$400- $600,1,"Dec 11, 2025",Outbound Sales;Sales Management;Cold Calling,400.0,600.0,500.0,500.0,USD,monthly
611,1479627,Ecommerce Graphic Designer – Ad Creatives & Brand Assets 1479627 - OnlineJobs.ph,Full Time,$1500/mo (+bonuses),40,"Sep 29, 2025",Graphic Design,1500.0,1500.0,1500.0,1500.0,USD,monthly
12451,1492218,Junior Manual Test Engineer (Onsite- Quezon City) 1492218 - OnlineJobs.ph,Full Time,PHP 2000 to 25000,40,"Oct 18, 2025",,2000.0,25000.0,13500.0,233.77,PHP,monthly
9868,1490042,Funnel Builder 1490042 - OnlineJobs.ph,Part Time,$15 per Funnel,TBD,"Oct 13, 2025",Funnelish;Funnel Design,15.0,15.0,15.0,15.0,USD,hourly
14231,1496154,Media Buyer 1496154 - OnlineJobs.ph,Any,"?2,000 – ?3,500/hour",40,"Oct 21, 2025",Marketing;Performance Marketing;Media Buying,2000.0,3500.0,2750.0,47.62,PHP,hourly
22027,1507257,Project Coordinator 1507257 - OnlineJobs.ph,Full Time,8$/Hour,40,"Nov 5, 2025",Auto Cad;Microsoft 365;Bluebeam Revu,8.0,8.0,8.0,8.0,USD,hourly
25777,1512804,YouTube Thumbnail Designer & Content Coordinator 1512804 - OnlineJobs.ph,Full Time,$650-700/month,40,"Nov 13, 2025",Graphic Design;Thumbnail & Social Media Design;AI Tools,650.0,700.0,675.0,675.0,USD,monthly
15623,1492299,Operations Manager 1492299 - OnlineJobs.ph,Full Time,$1000,40,"Oct 24, 2025",Bpo Operations Management,1000.0,1000.0,1000.0,1000.0,USD,monthly
42106,1541158,Outbound Sales VA – Real Estate 1541158 - OnlineJobs.ph,Part Time,$4-7 per hour,15,"Dec 26, 2025",Outbound Sales;Real Estate;Cold Calling,4.0,7.0,5.5,5.5,USD,hourly
53131,1558513,Performance Marketer – Google & TikTok Ads 1558513 - OnlineJobs.ph,Full Time,4700$/1Mon,35,"Jan 19, 2026",Google Ads;Facebook Ads;Youtube Ads,4700.0,4700.0,4700.0,4700.0,USD,monthly
45079,1544836,Administrative Recruiting Assistant 1544836 - OnlineJobs.ph,Full Time,"$1,200/mo",40,"Jan 2, 2026",Office and Administration;Organization;Applicant Tracking Systems,1200.0,1200.0,1200.0,1200.0,USD,monthly
43866,1543478,GoHighLevel Funnel Builder (Paid Test Project + Ongoing Work) 1543478 - OnlineJobs.ph,Gig,$6,10,"Dec 30, 2025",GoHighLevel;Funnel Design,6.0,6.0,6.0,6.0,USD,hourly
45164,1529083,High-Performance Sales VA (Updated with Base + Commission) 1529083 - OnlineJobs.ph,Full Time,$3.5 per hour ($560 per month),40,"Jan 2, 2026",Inbound Sales;Outbound Sales;Customer Service,560.0,560.0,560.0,560.0,USD,hourly
12146,1493477,Presentation Designer for Webinars 1493477 - OnlineJobs.ph,Part Time,$10/hour,10,"Oct 17, 2025",Copywriting;Graphic Design;Google Slides,10.0,10.0,10.0,10.0,USD,hourly
16756,1499845,Looking for a highly motivated Video Editor for eCommerce 1499845 - OnlineJobs.ph,Full Time,$5 per hour,40,"Oct 27, 2025",Video Editing,5.0,5.0,5.0,5.0,USD,hourly
31349,1520806,Social Media & Digital Marketing Specialist 1520806 - OnlineJobs.ph,Full Time,$5 - $7 (Depending on Experience),TBD,"Nov 24, 2025",Social Media Management;Digital Marketing;AI Tools,5.0,7.0,6.0,6.0,USD,hourly
18448,1449952,Video Editor Needed (work from home high pay & easy videos) 1449952 - OnlineJobs.ph,Full Time,$500,42,"Oct 29, 2025",Video Content Creation;Video Editing;English,500.0,500.0,500.0,500.0,USD,monthly
36086,1533752,Senior Full Stack NextJS / Supabase Developer 1533752 - OnlineJobs.ph,Any,$15/hr - $30/hr,35,"Dec 13, 2025",Next JS;Supabase,15.0,30.0,22.5,22.5,USD,hourly
55443,1561008,Delivery Associate (Client Operations) 1561008 - OnlineJobs.ph,Part Time,$10-$16 ph,25,"Jan 23, 2026",Project Management;Executive Assistance,10.0,16.0,13.0,13.0,USD,hourly
55862,1562454,Creative Graphic Designer 1562454 - OnlineJobs.ph,Full Time,$6/hr,20,"Jan 23, 2026",Graphic Design;Creative Direction,6.0,6.0,6.0,6.0,USD,hourly
26277,1513522,"Full-Time Senior Media VA, Photo and Video QC, Client Support 1513522 - OnlineJobs.ph",Full Time,$4-6/ Hr,40,"Nov 13, 2025",Photoshop;English Speaking;Attention to Detail,4.0,6.0,5.0,5.0,USD,hourly
58448,1566226,Property Management Operations Coordinator (Guest Support & Issue Tracking) 1566226 - OnlineJobs.ph,Full Time,$600.00 - $800.00 per month,40,"Jan 28, 2026",Property Management;Customer Service;Administrative Support,600.0,800.0,700.0,700.0,USD,monthly
16779,1498706,Website 1498706 - OnlineJobs.ph,Gig,250$ build a website,TBD,"Oct 27, 2025",SEO;Website Builder,250.0,250.0,250.0,250.0,USD,weekly
12625,1419088,Automation & AI Systems VA – Low-Code Expert for SaaS + Client Projects 1419088 - OnlineJobs.ph,Full Time,"Monthly Pay: ?45,000–?60,000",40,"Oct 19, 2025",Marketing Automation;Airtable;AI Tools,45000.0,60000.0,52500.0,909.09,PHP,monthly
5470,1476494,Sales & Outreach Support Specialist (Full-Time – AU Client) 1476494 - OnlineJobs.ph,Full Time,"Php 40,000/mo",40,"Oct 6, 2025",Outbound Sales;Lead Generation,40000.0,40000.0,40000.0,692.64,PHP,monthly
17066,1500307,Ecommerce Video Editor/Graphic Design 1500307 - OnlineJobs.ph,Any,$800+ /month,40,"Oct 27, 2025",After Effects;Graphic Design;Video Editing,800.0,800.0,800.0,800.0,USD,monthly
48640,1549649,Human Resource Business Partner 1549649 - OnlineJobs.ph,Full Time,"$500 - $1,000",40,"Jan 11, 2026",,500.0,1000.0,750.0,750.0,USD,monthly
50577,1495327,Cold Caller - Appointment Setter 1495327 - OnlineJobs.ph,Full Time,200$ + 10% commission on closed sales,40,"Jan 15, 2026",Cold Calling;English Speaking;Appointment Setting,200.0,200.0,200.0,200.0,USD,weekly
6071,1485138,Support Coordinator (Dispatcher) 1485138 - OnlineJobs.ph,Full Time,"Php 40,000/mo",40,"Oct 6, 2025",IT;Dispatching;ConnectWise,40000.0,40000.0,40000.0,692.64,PHP,monthly
45876,1546125,Podcast Producer (Launch + Full Production) 1546125 - OnlineJobs.ph,Part Time,$300-500/month,TBD,"Jan 4, 2026",Podcast Content Creation;Video Editing;Audio Editing,300.0,500.0,400.0,400.0,USD,monthly
55682,1561941,Real Estate Lead Managers 1561941 - OnlineJobs.ph,Part Time,$3,24,"Jan 23, 2026",Acquisition;Gohighlevel Real Estate;Underwriting,3.0,3.0,3.0,3.0,USD,hourly
57038,1563975,Are you an experienced SEO with an eye on the future? 1563975 - OnlineJobs.ph,Part Time,Php 400 per hour,5,"Jan 26, 2026",SEO;Wordpress,400.0,400.0,400.0,6.93,PHP,hourly
23315,1509089,Tiktok and Instagram Video Editor 1509089 - OnlineJobs.ph,Part Time,$7/hr,20,"Nov 8, 2025",Graphic Design;Social Media Video Editing,7.0,7.0,7.0,7.0,USD,hourly
20239,1504557,???? Senior Creative Designer – Performance Marketing & AI Expert 1504557 - OnlineJobs.ph,Full Time,"$500,- a month",21,"Nov 2, 2025",Design;Creative Advertising;AI Tools,500.0,500.0,500.0,500.0,USD,monthly
42218,1541308,Reddit Marketer (B2B SaaS) 1541308 - OnlineJobs.ph,Full Time,$250-$450/month,40,"Dec 26, 2025",Social Media Content Creation;Social Media Engagement;Audience Engagement,250.0,450.0,350.0,350.0,USD,monthly
13676,1494394,YouTube Video Editor (Long-Form) – Automotive Channel 1494394 - OnlineJobs.ph,Gig,$160/mo,8,"Oct 21, 2025",Video Content Creation;Video Editing;Social Media Video Editing,160.0,160.0,160.0,160.0,USD,monthly
16,1463204,Podio / Globiflow Developer - OnlineJobs.ph,Full Time,$1000,40,"Sep 5, 2025",,1000.0,1000.0,1000.0,1000.0,USD,monthly
50328,1554296,SEO & Digital Growth Specialist (Shopify & Local SEO) 1554296 - OnlineJobs.ph,Full Time,"$850.00 - $1,040.00 per month",40,"Jan 14, 2026",SEO;SEO Analysis;Shopify,850.0,1040.0,945.0,945.0,USD,monthly
59180,1567370,Digital Marketing Specialist (HubSpot Expert) 1567370 - OnlineJobs.ph,Full Time,Starts at $8/hr,40,"Jan 30, 2026",,8.0,8.0,8.0,8.0,USD,hourly
47015,1420841,Virtual Assistant / Social Media Manager / Customer Support (SEO is a Plus) 1420841 - OnlineJobs.ph,Any,$432/month (Based on $3/hour × 6 hour...,36,"Jan 6, 2026",Social Media Management;Customer Service;Virtual Assistant,432.0,432.0,432.0,432.0,USD,hourly
47691,1549116,"Government Proposal VA (admin + proposal writing, AI-assisted) 1549116 - OnlineJobs.ph",Any,$2 USD per hour,40,"Jan 7, 2026",,2.0,2.0,2.0,2.0,USD,hourly
52423,1557498,Digital Business Operations Assistant 1557498 - OnlineJobs.ph,Part Time,$4.50/hour,12,"Jan 18, 2026",Customer Service;Canva;AI Automation,4.5,4.5,4.5,4.5,USD,hourly
28101,1510871,Social Media Manager 1510871 - OnlineJobs.ph,Full Time,$800 base + bonus,40,"Nov 18, 2025",,800.0,800.0,800.0,800.0,USD,monthly
50040,1553757,Operations & Client Success Manager 1553757 - OnlineJobs.ph,Full Time,$500/month- $750/month,40,"Jan 13, 2026",Project Management;Tax Preparation;Sales,500.0,750.0,625.0,625.0,USD,monthly
51431,1553797,Social Media Manager/Reporting 1553797 - OnlineJobs.ph,Part Time,$7/hour,TBD,"Jan 16, 2026",Marketing Analytics;Social Media Management;Social Media Marketing,7.0,7.0,7.0,7.0,USD,hourly
22616,1508055,Meme Content Operator 1508055 - OnlineJobs.ph,Full Time,$100/month,40,"Nov 6, 2025",,100.0,100.0,100.0,100.0,USD,monthly
1632,1480562,FEMALE Face of Youtube Channel/Actor 1480562 - OnlineJobs.ph,Part Time,100 USD,TBD,"Sep 30, 2025",Youtube Marketing;Voice Over;Voice Acting,100.0,100.0,100.0,100.0,USD,weekly
25563,1512461,Bilingual Mandarin–English Research & Interpreting Assistant 1512461 - OnlineJobs.ph,Gig,$10/hour,15,"Nov 12, 2025",,10.0,10.0,10.0,10.0,USD,hourly
8069,1487884,Music Video Editor (YouTube) - Mix Artist Footage + Royalty-Free Stock 1487884 - OnlineJobs.ph,Gig,$200,TBD,"Oct 9, 2025",Video Editing;Film Editing;Movie Editing,200.0,200.0,200.0,200.0,USD,weekly
52052,1557059,Customer Service Agent | Ecommerce 1557059 - OnlineJobs.ph,Full Time,$3,40,"Jan 17, 2026",,3.0,3.0,3.0,3.0,USD,hourly
57456,1564683,Allocator for Construction Recruitment Agency 1564683 - OnlineJobs.ph,Part Time,$6.00 per hour plus bonus,20,"Jan 27, 2026",Recruiting;English Speaking;Organization,6.0,6.0,6.0,6.0,USD,hourly
26391,1180993,SEO Content Writer and Link Builder - Remote - Flexible Schedule - Part Time 1180993 - OnlineJobs.ph,Gig,$150,7,"Nov 14, 2025",SEO;Backlinks Management;Link Building,150.0,150.0,150.0,150.0,USD,weekly
39236,1537497,Part-Time Cloud & Systems Senior Engineer (Azure / M365 / Security) 1537497 - OnlineJobs.ph,Part Time,400/hr PHP,5,"Dec 18, 2025",Azure;Cloud Engineer;Microsoft 365,400.0,400.0,400.0,6.93,PHP,hourly
27114,1457900,Digital Marketing assistant (French language required!) 1457900 - OnlineJobs.ph,Part Time,$350,40,"Nov 16, 2025",Digital Marketing,350.0,350.0,350.0,350.0,USD,monthly
8174,1488009,AI Content Creator & Ads Designer 1488009 - OnlineJobs.ph,Part Time,$400/mo,20,"Oct 10, 2025",Photoshop;Graphic Design;AI Tools,400.0,400.0,400.0,400.0,USD,monthly
24512,1510834,Assistant Architectural Designer 1510834 - OnlineJobs.ph,Full Time,"PHP 70,000-90,000",40,"Nov 10, 2025",,70000.0,90000.0,80000.0,1385.28,PHP,monthly
19031,1503052,Credit Repair Virtual Assistant (Disputes + Client Support) 1503052 - OnlineJobs.ph,Full Time,• $5–$8 USD per hour (based on experience)  • Bonuses available for performance and reliability,40,"Oct 30, 2025",,5.0,8.0,6.5,6.5,USD,hourly
22749,1508279,ClickUp + Automation + GHL/CRM Systems Specialist (Full-Time/GIG) / EXPERIENCE REQUIRED 1508279 - OnlineJobs.ph,Any,"$800/month - $1,200/month",40,"Nov 6, 2025",Clickup;GoHighLevel;Zapier,800.0,1200.0,1000.0,1000.0,USD,monthly
37290,1535164,AI Video Ad Creator / Editor (Full-Time) 1535164 - OnlineJobs.ph,Full Time,$200 per week + $10 per video,40,"Dec 15, 2025",,200.0,200.0,200.0,200.0,USD,weekly
33153,1523267,Video Editor 1523267 - OnlineJobs.ph,Part Time,$400,20,"Nov 28, 2025",Video Editing;Motion Graphics;Video Marketing,400.0,400.0,400.0,400.0,USD,monthly
47183,1548381,Graphic & Motion Designer - Paid Social Ads 1548381 - OnlineJobs.ph,Any,"$700 - $1,200/mo (based on experience)",25,"Jan 7, 2026",Graphic Design;Figma;Motion Graphics,700.0,1200.0,950.0,950.0,USD,monthly
26094,1513209,Experienced Conversion Designer – UX & Copy 1513209 - OnlineJobs.ph,Full Time,"$1,300-2,000",45,"Nov 13, 2025",Performance Marketing;Ecommerce;UI UX Design,1300.0,2000.0,1650.0,1650.0,USD,monthly
7519,1487126,VSL Video Editor 1487126 - OnlineJobs.ph,Full Time,"Php 50,000/mo",40,"Oct 9, 2025",Copywriting;Video Editing;Communication,50000.0,50000.0,50000.0,865.8,PHP,monthly
27171,1514963,creative director/graphic designer 1514963 - OnlineJobs.ph,Part Time,$12-18/hr,25,"Nov 16, 2025",Adobe;Figma;Microsoft Power Point,12.0,18.0,15.0,15.0,USD,hourly
3981,1482920,"Full-Time Customer Service Manager, Dispatcher/Scheduler, Financial Reporter 1482920 - OnlineJobs.ph",Full Time,$400/month,16,"Oct 3, 2025",Customer Support Management;English Speaking;Dispatching,400.0,400.0,400.0,400.0,USD,monthly
19528,1503718,Mortgage Loan Processor 1503718 - OnlineJobs.ph,Full Time,Based on experience $650 Plus,40,"Oct 31, 2025",Mortgages;Mortgage;Loan Processing,650.0,650.0,650.0,650.0,USD,monthly
22651,1508124,WordPress Website Builder VA (for Car Detailers) 1508124 - OnlineJobs.ph,Part Time,$300/month,25,"Nov 6, 2025",SEO;Wordpress;Elementor,300.0,300.0,300.0,300.0,USD,monthly
19977,1503399,E-Commerce Video Editor 1503399 - OnlineJobs.ph,Any,300-400 USD,20,"Nov 2, 2025",Photo Editing;Video Editing;Social Media Video Editing,300.0,400.0,350.0,350.0,USD,monthly
47099,1548240,Partnership Development Coordinator - US Finance/Legal Firms (10-20 hrs/week) 1548240 - OnlineJobs.ph,Part Time,$6 / hour,10,"Jan 7, 2026",CRM;Email Marketing;Lead Generation,6.0,6.0,6.0,6.0,USD,hourly
52878,1558070,Full-Time Video Editor for Content Marketing Agency 1558070 - OnlineJobs.ph,Full Time,$800 to $1200/mo,60,"Jan 19, 2026",Video Content Creation;Adobe Premiere Pro;Davinci Resolve,800.0,1200.0,1000.0,1000.0,USD,monthly
46307,1546999,"Experienced Senior Customer Support & Partner Outreach (3-Month Contract, Full-Time) 1546999 - OnlineJobs.ph",Full Time,$8/hour,40,"Jan 5, 2026",Customer Support;Attention to Detail;English Proficiency,8.0,8.0,8.0,8.0,USD,hourly
59244,1567473,Social Media Manager 1567473 - OnlineJobs.ph,Part Time,$6/hour,25,"Jan 30, 2026",,6.0,6.0,6.0,6.0,USD,hourly
7086,1486557,REAL ESTATE Virtual Assistant - NO Cold Calling 1486557 - OnlineJobs.ph,Part Time,$6.00 per hr,19,"Oct 8, 2025",Real Estate Marketing;Gohighlevel Real Estate;AI Tools,6.0,6.0,6.0,6.0,USD,hourly
23038,1507497,Social Media & Marketing Manager 1507497 - OnlineJobs.ph,Full Time,$9/hour,40,"Nov 7, 2025",,9.0,9.0,9.0,9.0,USD,hourly
52573,1557652,Experienced SketchUp & AutoCAD Draftsperson (Residential Interiors) 1557652 - OnlineJobs.ph,Part Time,$6-7 an hour,30,"Jan 18, 2026",Sketchup;Autocad,6.0,7.0,6.5,6.5,USD,hourly
6095,1485156,Funnel Copywriter 1485156 - OnlineJobs.ph,Full Time,"Php 70,000 / month",40,"Oct 6, 2025",Copywriting;Website Copywriting,70000.0,70000.0,70000.0,1212.12,PHP,monthly
19518,1503732,Video editor for my youtube channel 1503732 - OnlineJobs.ph,Part Time,$170,14,"Oct 31, 2025",Video Editing,170.0,170.0,170.0,170.0,USD,weekly
59592,1568108,Senior Video Editor (Corporate Interviews + Event Films) 1568108 - OnlineJobs.ph,Full Time,"$1,000 – $1,400 USD per month (DOE)",40,"Jan 30, 2026",Video Editing;Adobe Premiere Pro,1000.0,1400.0,1200.0,1200.0,USD,monthly
3244,1482178,Are you a UGC Manager who loves building creator Relationships? Let's talk 1482178 - OnlineJobs.ph,Full Time,"$2,500 USD",40,"Oct 2, 2025",Influencer Marketing;Social Media Marketing,2500.0,2500.0,2500.0,2500.0,USD,monthly
55932,1562569,Paralegal or Attorney 1562569 - OnlineJobs.ph,Full Time,$600-$900 per month,40,"Jan 24, 2026",Legal Services;Legal Research;Legal Writing,600.0,900.0,750.0,750.0,USD,monthly
35150,1531319,TikTok Shop Product Upload Specialist (Shopify Sync + Brand Violation Prevention) 1531319 - OnlineJobs.ph,Part Time,$5-8/hr,TBD,"Dec 11, 2025",,5.0,8.0,6.5,6.5,USD,hourly
48890,1550131,Remote Executive Assistant with Dental Background (Part-Time ? Full-Time Potential) 1550131 - OnlineJobs.ph,Part Time,$600/mo,20,"Jan 11, 2026",Dental Insurance;Executive Assistance;Dental Billing,600.0,600.0,600.0,600.0,USD,monthly
